{
    "display": {
      "icon": {
        "item": "minecraft:iron_ingot"
      },
      "title": "Acquire Hardware",
      "description": "Smelt an iron ingot.",
      "frame": "task"
    },
    "parent": "old_achievements:build_furnace",
    "criteria": {
      "requirement": {
        "trigger": "minecraft:inventory_changed",
        "conditions": {
          "items": [
            {
              "items": [
                "minecraft:iron_ingot"
              ]
            }
          ]
        }
      }
    }
  }
  