{
    "display": {
      "icon": {
        "item": "minecraft:blaze_rod"
      },
      "title": "Into Fire",
      "description": "Relieve a Blaze of its rod.",
      "frame": "task"
    },
    "parent": "old_achievements:portal",
    "criteria": {
      "requirement": {
        "trigger": "minecraft:inventory_changed",
        "conditions": {
          "items": [
            {
              "items": [
                "minecraft:blaze_rod"
              ]
            }
          ]
        }
      }
    }
  }
  