{
    "display": {
      "icon": {
        "item": "minecraft:furnace"
      },
      "title": "Hot Topic",
      "description": "Construct a furnace out of eight cobblestone blocks.",
      "frame": "task"
    },
    "parent": "old_achievements:build_pickaxe",
    "criteria": {
      "requirement": {
        "trigger": "minecraft:inventory_changed",
        "conditions": {
          "items": [
            {
              "items": [
                "minecraft:furnace"
              ]
            }
          ]
        }
      }
    }
  }
  