{
  "display": {
    "icon": {
      "item": "minecraft:crafting_table"
    },
    "title": "Benchmarking",
    "description": "Craft a workbench with four blocks of Wooden Planks.",
    "frame": "task"
  },
  "parent": "old_achievements:mine_wood",
  "criteria": {
    "requirement": {
      "trigger": "minecraft:inventory_changed",
      "conditions": {
        "items": [
          {
            "items": [
              "minecraft:crafting_table"
            ]
          }
        ]
      }
    }
  }
}
