{
    "display": {
      "icon": {
        "item": "minecraft:stone_pickaxe"
      },
      "title": "Getting an Upgrade",
      "description": "Construct a better pickaxe.",
      "frame": "task"
    },
    "parent": "old_achievements:build_pickaxe",
    "criteria": {
      "requirement": {
        "trigger": "minecraft:inventory_changed",
        "conditions": {
          "items": [
            {
              "items": [
                "minecraft:stone_pickaxe"
              ]
            }
          ]
        }
      }
    }
  }
  