{
    "display": {
      "icon": {
        "item": "minecraft:wooden_pickaxe"
      },
      "title": "Time to Mine!",
      "description": "Use planks and sticks to make a pickaxe.",
      "frame": "task"
    },
    "parent": "old_achievements:build_work_bench",
    "criteria": {
      "requirement": {
        "trigger": "minecraft:inventory_changed",
        "conditions": {
          "items": [
            {
              "items": [
                "minecraft:wooden_pickaxe"
              ]
            }
          ]
        }
      }
    }
  }
  