{
  "display": {
    "icon": {
      "item": "minecraft:wooden_sword"
    },
    "title": "Time to Strike!",
    "description": "Use planks and sticks to make a sword.",
    "frame": "task"
  },
  "parent": "old_achievements:build_work_bench",
  "criteria": {
    "requirement": {
      "trigger": "minecraft:inventory_changed",
      "conditions": {
        "items": [
          {
            "items": [
              "minecraft:wooden_sword"
            ]
          }
        ]
      }
    }
  }
}
