{
    "display": {
      "icon": {
        "item": "minecraft:cooked_cod"
      },
      "title": "Delicious Fish",
      "description": "Catch and cook fish.",
      "frame": "task"
    },
    "parent": "old_achievements:build_furnace",
    "criteria": {
      "requirement": {
        "trigger": "minecraft:inventory_changed",
        "conditions": {
          "items": [
            {
              "items": [
                "minecraft:cooked_cod"
              ]
            }
          ]
        }
      }
    }
  }
  