{
    "display": {
      "icon": {
        "item": "minecraft:diamond_ore"
      },
      "title": "DIAMONDS!",
      "description": "Acquire diamonds with your iron tools.",
      "frame": "task"
    },
    "parent": "old_achievements:acquire_iron",
    "criteria": {
      "requirement": {
        "trigger": "minecraft:inventory_changed",
        "conditions": {
          "items": [
            {
              "items": [
                "minecraft:diamond"
              ]
            }
          ]
        }
      }
    }
  }
  