{
    "display": {
      "icon": {
        "item": "minecraft:enchanting_table"
      },
      "title": "Enchanter",
      "description": "Use a book, obsidian, and diamonds to construct an enchantment table.",
      "frame": "task"
    },
    "parent": "old_achievements:diamonds",
    "criteria": {
      "requirement": {
        "trigger": "minecraft:inventory_changed",
        "conditions": {
          "items": [
            {
              "items": [
                "minecraft:enchanting_table"
              ]
            }
          ]
        }
      }
    }
  }
  