{
    "display": {
      "icon": {
        "item": "minecraft:ghast_tear"
      },
      "title": "Return To Sender",
      "description": "Destroy a Ghast with a fireball.",
      "frame": "challenge"
    },
    "parent": "old_achievements:portal",
    "criteria": {
      "requirement": {
        "trigger": "minecraft:player_killed_entity",
        "conditions": {
            "entity": [
              {
                "condition": "minecraft:entity_properties",
                "predicate": {
                  "type": "minecraft:ghast"
                },
                "entity": "this"
              }
            ],
            "killing_blow": {
              "is_projectile": true,
              "direct_entity": {
                "type": "minecraft:fireball"
              }
            }
          }
      }
    }
  }
  