{
    "display": {
      "icon": {
        "item": "minecraft:golden_apple"
      },
      "title": "Overpowered",
      "description": "Eat a Notch Apple.",
      "frame": "challenge"
    },
    "parent": "old_achievements:build_better_pickaxe",
    "criteria": {
      "requirement": {
        "trigger": "minecraft:consume_item",
        "conditions": {
          "item": {
            "items": [
              "minecraft:enchanted_golden_apple"
            ]
          }
        }
      }
    }
  }
  