{
  "parent": "old_achievements:kill_enemy",
  "display": {
    "icon": {
      "item": "minecraft:bow"
    },
    "title": {
      "translate": "Sniper Duel"
    },
    "description": {
      "translate": "Kill a skeleton with an arrow from more than 50 meters."
    },
    "frame": "challenge",
    "show_toast": true,
    "announce_to_chat": true,
    "hidden": false
  },
  "rewards": {
    "experience": 50
  },
  "criteria": {
    "killed_skeleton": {
      "trigger": "minecraft:player_killed_entity",
      "conditions": {
        "entity": [
          {
            "condition": "minecraft:entity_properties",
            "predicate": {
              "type": "minecraft:skeleton",
              "distance": {
                "horizontal": {
                  "min": 50.0
                }
              }
            },
            "entity": "this"
          }
        ],
        "killing_blow": {
          "is_projectile": true
        }
      }
    }
  },
  "requirements": [
    [
      "killed_skeleton"
    ]
  ]
}