{
    "display": {
      "icon": {
        "item": "minecraft:wither_skeleton_skull"
      },
      "title": "The Beginning?",
      "description": "Spawn the Wither.",
      "frame": "task"
    },
    "parent": "old_achievements:the_end2",
    "criteria": {
      "summoned": {
        "trigger": "minecraft:summoned_entity",
        "conditions": {
          "entity": [
            {
              "condition": "minecraft:entity_properties",
              "entity": "this",
              "predicate": {
                "type": "minecraft:wither"
              }
            }
          ]
        }
      }
    },
    "requirements": [
      [
        "summoned"
      ]
    ]
  }
  